time	X	Glc
1.694722222	6.20E-02	NA
2.300277778	8.62E-02	NA
2.698333333	0.110376	NA
3.436111111	0.178416	NA
3.821111111	0.208656	NA
4.201111111	0.3024	NA
4.598055556	0.378	NA
4.995	0.545832	NA
5.375277778	0.609336	NA
1.35	NA	13.62768138
1.916666667	NA	13.57921333
2.866666667	NA	12.62004575
4	NA	11.24998175
4.8	NA	9.365603478
5.183333333	NA	8.200209151
5.583333333	NA	6.551724322
