	optimal	mean	sd	median	CI_2.5	CI_97.5
X_0	0.03026422737070951	0.03158578219477139	0.007411193432022157	0.031315941659549776	0.018162776083166042	0.0508317079891596
mu	0.5852673071722337	0.5836233520544006	0.04331360986932035	0.5853176484309641	0.5013648560839591	0.6848658705316804
Glc_q	-6.124820953478036	-6.102118480993339	0.6162681001895185	-6.0427215470642	-7.40210915180922	-5.002051452429794
Glc_M0	14.200488938194596	14.216965543087486	0.15301894009581923	14.204027839683516	13.968712232011063	14.554624995829126
Ace_q	2.181109566072327	2.1671949905276833	0.25306985547376976	2.1677126606851367	1.7327501791410744	2.655936203854611
Ace_M0	0.19488270947355604	0.1846036161247682	0.09237154706231014	0.17946032735861003	0.01778426865826409	0.37924488950429736
