	optimal	mean	sd	median	CI_2.5	CI_97.5
X_0	0.025981829274001625	0.026027005606485853	0.005233934954904689	0.026024010022888074	0.017880866058499714	0.03919439420904789
mu	0.6280107505719436	0.6295187564994984	0.036038581023347144	0.628103892566147	0.563420952395004	0.6917866515156965
Glc_q	-6.059431489889768	-6.188324310265128	0.7423587361841779	-6.125551088982839	-7.725956405755096	-4.991166204039409
Glc_M0	14.020668250462561	14.03494838040368	0.13451406004333832	14.026488022606365	13.784333962712624	14.303296763898366
Ace_q	2.012627676111738	2.032344871590663	0.2679530024948505	2.0104307121928633	1.5784617021454788	2.563788865940021
Ace_M0	0.2047335973824333	0.21866697896575465	0.09048638868323118	0.21498831435651722	0.04774395777541006	0.41068890145666215
