	optimal	mean	sd	median	CI_2.5	CI_97.5
X_0	0.03295490999684781	0.03351365816327923	0.0075289267083031046	0.03432370396817894	0.01896890239937096	0.04746728789674819
mu	0.5383172808084351	0.5394074471715278	0.039951356412169174	0.5340912872633139	0.4775315646321048	0.6145256020478103
Glc_q	-6.415906918040621	-6.516322520005231	1.041993204900147	-6.361612506853989	-8.826556290004634	-4.861507432121646
Glc_M0	14.159163776770983	14.156557312941612	0.15394631359852415	14.168023681256738	13.861256345558944	14.420916690775059
Ace_q	2.4789918292469957	2.512046983807113	0.40150356344833604	2.4791711148350837	1.8907282913050043	3.423741742516422
Ace_M0	0.1551560939410251	0.1546828837759075	0.08458665095608174	0.14918492867594513	1e-06	0.33005344434518935
